module,word,example_index,original_jp,plain_jp,fixed_jp,status,unresolved_terms
n1-adverbs,ひとまず,0,<span class='ex-highlight'>ひとまず</span>この<ruby>案<rt>あん</rt></ruby>で<ruby>進<rt>すす</rt></ruby>めましょう。,ひとまずこの案で進めましょう。,<span class='ex-highlight'>ひとまず</span>この<ruby>案<rt>あん</rt></ruby>で<ruby>進<rt>すす</rt></ruby>めましょう。,ok,
n1-adverbs,いったん,0,<span class='ex-highlight'>いったん</span><ruby>休<rt>きゅう</rt></ruby><ruby>憩<rt>けい</rt></ruby>にしましょう。,いったん休憩にしましょう。,<span class='ex-highlight'>いったん</span><ruby>休<rt>きゅう</rt></ruby><ruby>憩<rt>けい</rt></ruby>にしましょう。,ok,
n1-adverbs,かねがね,0,<ruby>噂<rt>うわさ</rt></ruby>は<span class='ex-highlight'>かねがね</span><ruby>聞<rt>き</rt></ruby>いております。,噂はかねがね聞いております。,<ruby>噂<rt>うわさ</rt></ruby>は<span class='ex-highlight'>かねがね</span><ruby>聞<rt>き</rt></ruby>いております。,ok,
n1-adverbs,しばし,0,<span class='ex-highlight'>しばし</span>の<ruby>別<rt>わか</rt></ruby>れを<ruby>惜<rt>お</rt></ruby>しむ。,しばしの別れを惜しむ。,<span class='ex-highlight'>しばし</span>の<ruby>別<rt>わか</rt></ruby>れを<ruby>惜<rt>お</rt></ruby>しむ。,ok,
n1-adverbs,相変わらず,0,<ruby>彼<rt>かれ</rt></ruby>は<span class='ex-highlight'><ruby>相<rt>あい</rt></ruby><ruby>変<rt>か</rt></ruby>わらず</span><ruby>忙<rt>いそが</rt></ruby>しそうだ。,彼は相変わらず忙しそうだ。,<ruby>彼<rt>かれ</rt></ruby>は<span class='ex-highlight'><ruby>相<rt>あい</rt></ruby><ruby>変<rt>か</rt></ruby>わらず</span><ruby>忙<rt>いそが</rt></ruby>しそうだ。,ok,
n1-adverbs,当分,0,<span class='ex-highlight'><ruby>当<rt>とう</rt></ruby><ruby>分<rt>ぶん</rt></ruby></span>は<ruby>今<rt>いま</rt></ruby>の<ruby>仕<rt>し</rt></ruby><ruby>事<rt>ごと</rt></ruby>を<ruby>続<rt>つづ</rt></ruby>けます。,当分は今の仕事を続けます。,<span class='ex-highlight'><ruby>当<rt>とう</rt></ruby><ruby>分<rt>ぶん</rt></ruby></span>は<ruby>今<rt>いま</rt></ruby>の<ruby>仕<rt>し</rt></ruby><ruby>事<rt>ごと</rt></ruby>を<ruby>続<rt>つづ</rt></ruby>けます。,ok,
n1-adverbs,絶えず,0,<ruby>水<rt>みず</rt></ruby>が<span class='ex-highlight'><ruby>絶<rt>た</rt></ruby>えず</span><ruby>流<rt>なが</rt></ruby>れている。,水が絶えず流れている。,<ruby>水<rt>みず</rt></ruby>が<span class='ex-highlight'><ruby>絶<rt>た</rt></ruby>えず</span><ruby>流<rt>なが</rt></ruby>れている。,ok,
n1-adverbs,あらかじめ,0,<span class='ex-highlight'>あらかじめ</span><ruby>連<rt>れん</rt></ruby><ruby>絡<rt>らく</rt></ruby>しておきます。,あらかじめ連絡しておきます。,<span class='ex-highlight'>あらかじめ</span><ruby>連<rt>れん</rt></ruby><ruby>絡<rt>らく</rt></ruby>しておきます。,ok,
n1-adverbs,あらかじめ,1,<span class='ex-highlight'>あらかじめ</span><ruby>資<rt>し</rt></ruby><ruby>料<rt>りょう</rt></ruby>を<ruby>用<rt>よう</rt></ruby><ruby>意<rt>い</rt></ruby>しておく。,あらかじめ資料を用意しておく。,<span class='ex-highlight'>あらかじめ</span><ruby>資<rt>し</rt></ruby><ruby>料<rt>りょう</rt></ruby>を<ruby>用<rt>よう</rt></ruby><ruby>意<rt>い</rt></ruby>しておく。,ok,
n1-adverbs,前もって,0,<span class='ex-highlight'><ruby>前<rt>まえ</rt></ruby>もって</span><ruby>準<rt>じゅん</rt></ruby><ruby>備<rt>び</rt></ruby>をしておく。,前もって準備をしておく。,<span class='ex-highlight'><ruby>前<rt>まえ</rt></ruby>もって</span><ruby>準<rt>じゅん</rt></ruby><ruby>備<rt>び</rt></ruby>をしておく。,ok,
n1-adverbs,かねて,0,<span class='ex-highlight'>かねて</span>からお<ruby>会<rt>あ</rt></ruby>いしたいと<ruby>思<rt>おも</rt></ruby>っていました。,かねてからお会いしたいと思っていました。,<span class='ex-highlight'>かねて</span>からお<ruby>会<rt>あ</rt></ruby>いしたいと<ruby>思<rt>おも</rt></ruby>っていました。,ok,
n1-adverbs,いつの間に,0,<span class='ex-highlight'>いつの<ruby>間<rt>ま</rt></ruby>に</span>か<ruby>雨<rt>あめ</rt></ruby>が<ruby>降<rt>ふ</rt></ruby>っていた。,いつの間にか雨が降っていた。,<span class='ex-highlight'>いつの<ruby>間<rt>ま</rt></ruby>に</span>か<ruby>雨<rt>あめ</rt></ruby>が<ruby>降<rt>ふ</rt></ruby>っていた。,ok,
n1-adverbs,もはや,0,<span class='ex-highlight'>もはや</span><ruby>回<rt>かい</rt></ruby><ruby>復<rt>ふく</rt></ruby>の<ruby>見<rt>み</rt></ruby><ruby>込<rt>こ</rt></ruby>みはない。,もはや回復の見込みはない。,<span class='ex-highlight'>もはや</span><ruby>回<rt>かい</rt></ruby><ruby>復<rt>ふく</rt></ruby>の<ruby>見<rt>み</rt></ruby><ruby>込<rt>こ</rt></ruby>みはない。,ok,
n1-adverbs,従来,0,<span class='ex-highlight'><ruby>従来<rt>じゅうらい</rt></ruby></span>の<ruby>方<rt>ほう</rt></ruby><ruby>法<rt>ほう</rt></ruby>を<ruby>見<rt>み</rt></ruby><ruby>直<rt>なお</rt></ruby>す。,従来の方法を見直す。,<span class='ex-highlight'><ruby>従来<rt>じゅうらい</rt></ruby></span>の<ruby>方<rt>ほう</rt></ruby><ruby>法<rt>ほう</rt></ruby>を<ruby>見<rt>み</rt></ruby><ruby>直<rt>なお</rt></ruby>す。,ok,
n1-adverbs,とっくに,0,<ruby>宿<rt>しゅく</rt></ruby><ruby>題<rt>だい</rt></ruby>なら<span class='ex-highlight'>とっくに</span><ruby>終<rt>お</rt></ruby>わったよ。,宿題ならとっくに終わったよ。,<ruby>宿<rt>しゅく</rt></ruby><ruby>題<rt>だい</rt></ruby>なら<span class='ex-highlight'>とっくに</span><ruby>終<rt>お</rt></ruby>わったよ。,ok,
n1-adverbs,いずれ,0,<span class='ex-highlight'>いずれ</span><ruby>分<rt>わ</rt></ruby>かる<ruby>日<rt>ひ</rt></ruby>が<ruby>来<rt>く</rt></ruby>るでしょう。,いずれ分かる日が来るでしょう。,<span class='ex-highlight'>いずれ</span><ruby>分<rt>わ</rt></ruby>かる<ruby>日<rt>ひ</rt></ruby>が<ruby>来<rt>く</rt></ruby>るでしょう。,ok,
n1-adverbs,今に,0,そんな<ruby>生<rt>せい</rt></ruby><ruby>活<rt>かつ</rt></ruby>をしていると、<span class='ex-highlight'><ruby>今<rt>いま</rt></ruby>に</span><ruby>病<rt>びょう</rt></ruby><ruby>気<rt>き</rt></ruby>になりますよ。,そんな生活をしていると、今に病気になりますよ。,そんな<ruby>生<rt>せい</rt></ruby><ruby>活<rt>かつ</rt></ruby>をしていると、<span class='ex-highlight'><ruby>今<rt>いま</rt></ruby>に</span><ruby>病<rt>びょう</rt></ruby><ruby>気<rt>き</rt></ruby>になりますよ。,ok,
n1-adverbs,今にも,0,<span class='ex-highlight'><ruby>今<rt>いま</rt></ruby>にも</span><ruby>雨<rt>あめ</rt></ruby>が<ruby>降<rt>ふ</rt></ruby>り<ruby>出<rt>だ</rt></ruby>しそうな<ruby>空<rt>そら</rt></ruby>だ。,今にも雨が降り出しそうな空だ。,<span class='ex-highlight'><ruby>今<rt>いま</rt></ruby>にも</span><ruby>雨<rt>あめ</rt></ruby>が<ruby>降<rt>ふ</rt></ruby>り<ruby>出<rt>だ</rt></ruby>しそうな<ruby>空<rt>そら</rt></ruby>だ。,ok,
n1-adverbs,そのうち,0,<span class='ex-highlight'>そのうち</span><ruby>連<rt>れん</rt></ruby><ruby>絡<rt>らく</rt></ruby>します。,そのうち連絡します。,<span class='ex-highlight'>そのうち</span><ruby>連<rt>れん</rt></ruby><ruby>絡<rt>らく</rt></ruby>します。,ok,
n1-adverbs,とっさに,0,<ruby>転<rt>ころ</rt></ruby>びそうになって、<span class='ex-highlight'>とっさに</span><ruby>手<rt>て</rt></ruby>をついた。,転びそうになって、とっさに手をついた。,<ruby>転<rt>ころ</rt></ruby>びそうになって、<span class='ex-highlight'>とっさに</span><ruby>手<rt>て</rt></ruby>をついた。,ok,
n1-adverbs,近々,0,<span class='ex-highlight'><ruby>近々<rt>ちかぢか</rt></ruby></span>、<ruby>新<rt>あたら</rt></ruby>しい<ruby>店<rt>みせ</rt></ruby>がオープンする。,近々、新しい店がオープンする。,<span class='ex-highlight'><ruby>近々<rt>ちかぢか</rt></ruby></span>、<ruby>新<rt>あたら</rt></ruby>しい<ruby>店<rt>みせ</rt></ruby>がオープンする。,ok,
n1-adverbs,追って,0,<ruby>詳<rt>しょう</rt></ruby><ruby>細<rt>さい</rt></ruby>は<span class='ex-highlight'><ruby>追<rt>お</rt></ruby>って</span><ruby>連<rt>れん</rt></ruby><ruby>絡<rt>らく</rt></ruby>します。,詳細は追って連絡します。,<ruby>詳<rt>しょう</rt></ruby><ruby>細<rt>さい</rt></ruby>は<span class='ex-highlight'><ruby>追<rt>お</rt></ruby>って</span><ruby>連<rt>れん</rt></ruby><ruby>絡<rt>らく</rt></ruby>します。,ok,
n1-adverbs,時折,0,<ruby>彼<rt>かれ</rt></ruby>は<span class='ex-highlight'><ruby>時<rt>とき</rt></ruby><ruby>折<rt>おり</rt></ruby></span>、<ruby>寂<rt>さび</rt></ruby>しそうな<ruby>顔<rt>かお</rt></ruby>をする。,彼は時折、寂しそうな顔をする。,<ruby>彼<rt>かれ</rt></ruby>は<span class='ex-highlight'><ruby>時<rt>とき</rt></ruby><ruby>折<rt>おり</rt></ruby></span>、<ruby>寂<rt>さび</rt></ruby>しそうな<ruby>顔<rt>かお</rt></ruby>をする。,ok,
n1-adverbs,まれに,0,この<ruby>地<rt>ち</rt></ruby><ruby>域<rt>いき</rt></ruby>で<ruby>雪<rt>ゆき</rt></ruby>が<ruby>降<rt>ふ</rt></ruby>るのはまれだ。,この地域で雪が降るのはまれだ。,この<ruby>地<rt>ち</rt></ruby><ruby>域<rt>いき</rt></ruby>で<ruby>雪<rt>ゆき</rt></ruby>が<ruby>降<rt>ふ</rt></ruby>るのはまれだ。,ok,
n1-adverbs,滅多に,0,<ruby>彼<rt>かれ</rt></ruby>は<span class='ex-highlight'><ruby>滅<rt>めっ</rt></ruby><ruby>多<rt>た</rt></ruby>に</span><ruby>怒<rt>おこ</rt></ruby>らない。,彼は滅多に怒らない。,<ruby>彼<rt>かれ</rt></ruby>は<span class='ex-highlight'><ruby>滅<rt>めっ</rt></ruby><ruby>多<rt>た</rt></ruby>に</span><ruby>怒<rt>おこ</rt></ruby>らない。,ok,
n1-adverbs,たびたび,0,<span class='ex-highlight'>たびたび</span>お<ruby>電<rt>でん</rt></ruby><ruby>話<rt>わ</rt></ruby>してすみません。,たびたびお電話してすみません。,<span class='ex-highlight'>たびたび</span>お<ruby>電<rt>でん</rt></ruby><ruby>話<rt>わ</rt></ruby>してすみません。,ok,
n1-adverbs,再三,0,<span class='ex-highlight'><ruby>再<rt>さい</rt></ruby><ruby>三<rt>さん</rt></ruby></span><ruby>注<rt>ちゅう</rt></ruby><ruby>意<rt>い</rt></ruby>したのに、<ruby>彼<rt>かれ</rt></ruby>は<ruby>聞<rt>き</rt></ruby>かなかった。,再三注意したのに、彼は聞かなかった。,<span class='ex-highlight'><ruby>再<rt>さい</rt></ruby><ruby>三<rt>さん</rt></ruby></span><ruby>注<rt>ちゅう</rt></ruby><ruby>意<rt>い</rt></ruby>したのに、<ruby>彼<rt>かれ</rt></ruby>は<ruby>聞<rt>き</rt></ruby>かなかった。,ok,
n1-adverbs,しょっちゅう,0,<ruby>彼<rt>かれ</rt></ruby>は<span class='ex-highlight'>しょっちゅう</span><ruby>忘<rt>わす</rt></ruby>れ<ruby>物<rt>もの</rt></ruby>をする。,彼はしょっちゅう忘れ物をする。,<ruby>彼<rt>かれ</rt></ruby>は<span class='ex-highlight'>しょっちゅう</span><ruby>忘<rt>わす</rt></ruby>れ<ruby>物<rt>もの</rt></ruby>をする。,ok,
n1-adverbs,しきりに,0,<ruby>彼<rt>かれ</rt></ruby>は<span class='ex-highlight'>しきりに</span><ruby>時<rt>と</rt></ruby><ruby>計<rt>けい</rt></ruby>を<ruby>気<rt>き</rt></ruby>にしている。,彼はしきりに時計を気にしている。,<ruby>彼<rt>かれ</rt></ruby>は<span class='ex-highlight'>しきりに</span><ruby>時<rt>と</rt></ruby><ruby>計<rt>けい</rt></ruby>を<ruby>気<rt>き</rt></ruby>にしている。,ok,
n1-adverbs,年中,0,<ruby>弟<rt>おとうと</rt></ruby>は<span class='ex-highlight'><ruby>年<rt>ねん</rt></ruby><ruby>中<rt>じゅう</rt></ruby></span><ruby>風<rt>か</rt></ruby><ruby>邪<rt>ぜ</rt></ruby>を<ruby>引<rt>ひ</rt></ruby>いている。,弟は年中風邪を引いている。,<ruby>弟<rt>おとうと</rt></ruby>は<span class='ex-highlight'><ruby>年<rt>ねん</rt></ruby><ruby>中<rt>じゅう</rt></ruby></span><ruby>風<rt>か</rt></ruby><ruby>邪<rt>ぜ</rt></ruby>を<ruby>引<rt>ひ</rt></ruby>いている。,ok,
n1-adverbs,ちょくちょく,0,<ruby>彼<rt>かれ</rt></ruby>はここに<span class='ex-highlight'>ちょくちょく</span><ruby>遊<rt>あそ</rt></ruby>びに<ruby>来<rt>く</rt></ruby>る。,彼はここにちょくちょく遊びに来る。,<ruby>彼<rt>かれ</rt></ruby>はここに<span class='ex-highlight'>ちょくちょく</span><ruby>遊<rt>あそ</rt></ruby>びに<ruby>来<rt>く</rt></ruby>る。,ok,
n1-adverbs,一切,0,<ruby>私<rt>わたし</rt></ruby>はその<ruby>件<rt>けん</rt></ruby>に<span class='ex-highlight'><ruby>一切<rt>いっさい</rt></ruby></span><ruby>関<rt>かか</rt></ruby>わっていない。,私はその件に一切関わっていない。,<ruby>私<rt>わたし</rt></ruby>はその<ruby>件<rt>けん</rt></ruby>に<span class='ex-highlight'><ruby>一切<rt>いっさい</rt></ruby></span><ruby>関<rt>かか</rt></ruby>わっていない。,ok,
n1-adverbs,さっぱり,0,テストのことが<span class='ex-highlight'>さっぱり</span><ruby>分<rt>わ</rt></ruby>からない。,テストのことがさっぱり分からない。,テストのことが<span class='ex-highlight'>さっぱり</span><ruby>分<rt>わ</rt></ruby>からない。,ok,
n1-adverbs,少しも,0,この<ruby>料<rt>りょう</rt></ruby><ruby>理<rt>り</rt></ruby>は<span class='ex-highlight'><ruby>少<rt>すこ</rt></ruby>しも</span><ruby>辛<rt>から</rt></ruby>くない。,この料理は少しも辛くない。,この<ruby>料<rt>りょう</rt></ruby><ruby>理<rt>り</rt></ruby>は<span class='ex-highlight'><ruby>少<rt>すこ</rt></ruby>しも</span><ruby>辛<rt>から</rt></ruby>くない。,ok,
n1-adverbs,ちっとも,0,<ruby>彼<rt>かの</rt></ruby><ruby>女<rt>じょ</rt></ruby>は<span class='ex-highlight'>ちっとも</span><ruby>変<rt>か</rt></ruby>わっていない。,彼女はちっとも変わっていない。,<ruby>彼<rt>かの</rt></ruby><ruby>女<rt>じょ</rt></ruby>は<span class='ex-highlight'>ちっとも</span><ruby>変<rt>か</rt></ruby>わっていない。,ok,
n1-adverbs,そう,0,<ruby>今日<rt>きょう</rt></ruby>は<span class='ex-highlight'>そう</span><ruby>寒<rt>さむ</rt></ruby>くない。,今日はそう寒くない。,<ruby>今日<rt>きょう</rt></ruby>は<span class='ex-highlight'>そう</span><ruby>寒<rt>さむ</rt></ruby>くない。,ok,
n1-adverbs,大（たい）して,0,<ruby>怪我<rt>けが</rt></ruby>は<ruby>大<rt>たい</rt></ruby>したことはなかった。,怪我は大したことはなかった。,<ruby>怪我<rt>けが</rt></ruby>は<ruby>大<rt>たい</rt></ruby>したことはなかった。,ok,
n1-adverbs,とても,0,この<ruby>問<rt>もん</rt></ruby><ruby>題<rt>だい</rt></ruby>は<span class='ex-highlight'>とても</span><ruby>難<rt>むずか</rt></ruby>しくて、<ruby>私<rt>わたし</rt></ruby>には<ruby>解<rt>と</rt></ruby>けません。,この問題はとても難しくて、私には解けません。,この<ruby>問<rt>もん</rt></ruby><ruby>題<rt>だい</rt></ruby>は<span class='ex-highlight'>とても</span><ruby>難<rt>むずか</rt></ruby>しくて、<ruby>私<rt>わたし</rt></ruby>には<ruby>解<rt>と</rt></ruby>けません。,ok,
n1-adverbs,決して,0,この<ruby>秘<rt>ひ</rt></ruby><ruby>密<rt>みつ</rt></ruby>は<span class='ex-highlight'><ruby>決<rt>けっ</rt></ruby>して</span><ruby>誰<rt>だれ</rt></ruby>にも<ruby>言<rt>い</rt></ruby>いません。,この秘密は決して誰にも言いません。,この<ruby>秘<rt>ひ</rt></ruby><ruby>密<rt>みつ</rt></ruby>は<span class='ex-highlight'><ruby>決<rt>けっ</rt></ruby>して</span><ruby>誰<rt>だれ</rt></ruby>にも<ruby>言<rt>い</rt></ruby>いません。,ok,
n1-adverbs,必ずしも,0,<ruby>有<rt>ゆう</rt></ruby><ruby>名<rt>めい</rt></ruby>な<ruby>大<rt>だい</rt></ruby><ruby>学<rt>がく</rt></ruby>を<ruby>出<rt>で</rt></ruby>たからといって、<span class='ex-highlight'><ruby>必<rt>かなら</rt></ruby>ずしも</span><ruby>成<rt>せい</rt></ruby><ruby>功<rt>こう</rt></ruby>するとは<ruby>限<rt>かぎ</rt></ruby>りません。,有名な大学を出たからといって、必ずしも成功するとは限りません。,<ruby>有<rt>ゆう</rt></ruby><ruby>名<rt>めい</rt></ruby>な<ruby>大<rt>だい</rt></ruby><ruby>学<rt>がく</rt></ruby>を<ruby>出<rt>で</rt></ruby>たからといって、<span class='ex-highlight'><ruby>必<rt>かなら</rt></ruby>ずしも</span><ruby>成<rt>せい</rt></ruby><ruby>功<rt>こう</rt></ruby>するとは<ruby>限<rt>かぎ</rt></ruby>りません。,ok,
n1-adverbs,まさか,0,<span class='ex-highlight'>まさか</span><ruby>彼<rt>かれ</rt></ruby>が<ruby>犯<rt>はん</rt></ruby><ruby>人<rt>にん</rt></ruby>だとは<ruby>思<rt>おも</rt></ruby>わなかった。,まさか彼が犯人だとは思わなかった。,<span class='ex-highlight'>まさか</span><ruby>彼<rt>かれ</rt></ruby>が<ruby>犯<rt>はん</rt></ruby><ruby>人<rt>にん</rt></ruby>だとは<ruby>思<rt>おも</rt></ruby>わなかった。,ok,
n1-adverbs,ろくに,0,<ruby>昨日<rt>きのう</rt></ruby>は<ruby>忙<rt>いそが</rt></ruby>しくて<span class='ex-highlight'>ろくに</span><ruby>寝<rt>ね</rt></ruby>ていない。,昨日は忙しくてろくに寝ていない。,<ruby>昨日<rt>きのう</rt></ruby>は<ruby>忙<rt>いそが</rt></ruby>しくて<span class='ex-highlight'>ろくに</span><ruby>寝<rt>ね</rt></ruby>ていない。,ok,
n1-adverbs,一向,0,いくら<ruby>待<rt>ま</rt></ruby>っても、バスが<span class='ex-highlight'><ruby>一向<rt>いっこう</rt></ruby></span>に<ruby>来<rt>こ</rt></ruby>ない。,いくら待っても、バスが一向に来ない。,いくら<ruby>待<rt>ま</rt></ruby>っても、バスが<span class='ex-highlight'><ruby>一向<rt>いっこう</rt></ruby></span>に<ruby>来<rt>こ</rt></ruby>ない。,ok,
n1-adverbs,ひょっとすると,0,<span class='ex-highlight'>ひょっとすると</span>、<ruby>彼<rt>かれ</rt></ruby>は<ruby>来<rt>こ</rt></ruby>ないかもしれない。,ひょっとすると、彼は来ないかもしれない。,<span class='ex-highlight'>ひょっとすると</span>、<ruby>彼<rt>かれ</rt></ruby>は<ruby>来<rt>こ</rt></ruby>ないかもしれない。,ok,
n1-adverbs,もしかすると,0,<span class='ex-highlight'>もしかすると</span>、<ruby>明日<rt>あした</rt></ruby>の<ruby>試<rt>し</rt></ruby><ruby>合<rt>あい</rt></ruby>は<ruby>中<rt>ちゅう</rt></ruby><ruby>止<rt>し</rt></ruby>になるかもしれません。,もしかすると、明日の試合は中止になるかもしれません。,<span class='ex-highlight'>もしかすると</span>、<ruby>明日<rt>あした</rt></ruby>の<ruby>試<rt>し</rt></ruby><ruby>合<rt>あい</rt></ruby>は<ruby>中<rt>ちゅう</rt></ruby><ruby>止<rt>し</rt></ruby>になるかもしれません。,ok,
n1-adverbs,おそらく,0,<ruby>明日<rt>あした</rt></ruby>は<span class='ex-highlight'>おそらく</span><ruby>雨<rt>あめ</rt></ruby>が<ruby>降<rt>ふ</rt></ruby>るだろう。,明日はおそらく雨が降るだろう。,<ruby>明日<rt>あした</rt></ruby>は<span class='ex-highlight'>おそらく</span><ruby>雨<rt>あめ</rt></ruby>が<ruby>降<rt>ふ</rt></ruby>るだろう。,ok,
n1-adverbs,どうも,0,<span class='ex-highlight'>どうも</span><ruby>風<rt>か</rt></ruby><ruby>邪<rt>ぜ</rt></ruby>を<ruby>引<rt>ひ</rt></ruby>いたようで、<ruby>体<rt>からだ</rt></ruby>がだるい。,どうも風邪を引いたようで、体がだるい。,<span class='ex-highlight'>どうも</span><ruby>風<rt>か</rt></ruby><ruby>邪<rt>ぜ</rt></ruby>を<ruby>引<rt>ひ</rt></ruby>いたようで、<ruby>体<rt>からだ</rt></ruby>がだるい。,ok,
n1-adverbs,さぞ,0,<ruby>合<rt>ごう</rt></ruby><ruby>格<rt>かく</rt></ruby>の<ruby>知<rt>し</rt></ruby>らせを<ruby>聞<rt>き</rt></ruby>いて、ご<ruby>両<rt>りょう</rt></ruby><ruby>親<rt>しん</rt></ruby>も<span class='ex-highlight'>さぞ</span>お<ruby>喜<rt>よろこ</rt></ruby>びでしょう。,合格の知らせを聞いて、ご両親もさぞお喜びでしょう。,<ruby>合<rt>ごう</rt></ruby><ruby>格<rt>かく</rt></ruby>の<ruby>知<rt>し</rt></ruby>らせを<ruby>聞<rt>き</rt></ruby>いて、ご<ruby>両<rt>りょう</rt></ruby><ruby>親<rt>しん</rt></ruby>も<span class='ex-highlight'>さぞ</span>お<ruby>喜<rt>よろこ</rt></ruby>びでしょう。,ok,
n1-adverbs,てっきり,0,<ruby>今日<rt>きょう</rt></ruby>は<span class='ex-highlight'>てっきり</span><ruby>休<rt>やす</rt></ruby>みだと<ruby>思<rt>おも</rt></ruby>い<ruby>込<rt>こ</rt></ruby>んでいた。,今日はてっきり休みだと思い込んでいた。,<ruby>今日<rt>きょう</rt></ruby>は<span class='ex-highlight'>てっきり</span><ruby>休<rt>やす</rt></ruby>みだと<ruby>思<rt>おも</rt></ruby>い<ruby>込<rt>こ</rt></ruby>んでいた。,ok,
n1-adverbs,あたかも,0,それは<span class='ex-highlight'>あたかも</span><ruby>夢<rt>ゆめ</rt></ruby>を<ruby>見<rt>み</rt></ruby>ているかのような<ruby>光<rt>こう</rt></ruby><ruby>景<rt>けい</rt></ruby>だった。,それはあたかも夢を見ているかのような光景だった。,それは<span class='ex-highlight'>あたかも</span><ruby>夢<rt>ゆめ</rt></ruby>を<ruby>見<rt>み</rt></ruby>ているかのような<ruby>光<rt>こう</rt></ruby><ruby>景<rt>けい</rt></ruby>だった。,ok,
n1-adverbs,ちょうど,0,その<ruby>雲<rt>くも</rt></ruby>は<span class='ex-highlight'>ちょうど</span><ruby>綿<rt>わた</rt></ruby><ruby>菓<rt>が</rt></ruby><ruby>子<rt>し</rt></ruby>のような<ruby>形<rt>かたち</rt></ruby>をしている。,その雲はちょうど綿菓子のような形をしている。,その<ruby>雲<rt>くも</rt></ruby>は<span class='ex-highlight'>ちょうど</span><ruby>綿<rt>わた</rt></ruby><ruby>菓<rt>が</rt></ruby><ruby>子<rt>し</rt></ruby>のような<ruby>形<rt>かたち</rt></ruby>をしている。,ok,
n1-adverbs,まるで,0,<ruby>今日<rt>きょう</rt></ruby>は<ruby>風<rt>かぜ</rt></ruby>が<ruby>強<rt>つよ</rt></ruby>くて、<span class='ex-highlight'>まるで</span><ruby>冬<rt>ふゆ</rt></ruby>に<ruby>戻<rt>もど</rt></ruby>ったかのようだ。,今日は風が強くて、まるで冬に戻ったかのようだ。,<ruby>今日<rt>きょう</rt></ruby>は<ruby>風<rt>かぜ</rt></ruby>が<ruby>強<rt>つよ</rt></ruby>くて、<span class='ex-highlight'>まるで</span><ruby>冬<rt>ふゆ</rt></ruby>に<ruby>戻<rt>もど</rt></ruby>ったかのようだ。,ok,
n1-adverbs,いかにも,0,それは<span class='ex-highlight'>いかにも</span><ruby>彼<rt>かれ</rt></ruby>らしい<ruby>立<rt>りっ</rt></ruby><ruby>派<rt>ぱ</rt></ruby>な<ruby>行<rt>こう</rt></ruby><ruby>動<rt>どう</rt></ruby>だ。,それはいかにも彼らしい立派な行動だ。,それは<span class='ex-highlight'>いかにも</span><ruby>彼<rt>かれ</rt></ruby>らしい<ruby>立<rt>りっ</rt></ruby><ruby>派<rt>ぱ</rt></ruby>な<ruby>行<rt>こう</rt></ruby><ruby>動<rt>どう</rt></ruby>だ。,ok,
n1-adverbs,一見,0,その<ruby>問<rt>もん</rt></ruby><ruby>題<rt>だい</rt></ruby>は<span class='ex-highlight'><ruby>一見<rt>いっけん</rt></ruby></span><ruby>簡<rt>かん</rt></ruby><ruby>単<rt>たん</rt></ruby>そうに<ruby>見<rt>み</rt></ruby>えるが、<ruby>実<rt>じつ</rt></ruby>は<ruby>難<rt>むずか</rt></ruby>しい。,その問題は一見簡単そうに見えるが、実は難しい。,その<ruby>問<rt>もん</rt></ruby><ruby>題<rt>だい</rt></ruby>は<span class='ex-highlight'><ruby>一見<rt>いっけん</rt></ruby></span><ruby>簡<rt>かん</rt></ruby><ruby>単<rt>たん</rt></ruby>そうに<ruby>見<rt>み</rt></ruby>えるが、<ruby>実<rt>じつ</rt></ruby>は<ruby>難<rt>むずか</rt></ruby>しい。,ok,
n1-adverbs,どうやら,0,<span class='ex-highlight'>どうやら</span><ruby>明日<rt>あした</rt></ruby>は<ruby>雨<rt>あめ</rt></ruby>が<ruby>降<rt>ふ</rt></ruby>るらしい。,どうやら明日は雨が降るらしい。,<span class='ex-highlight'>どうやら</span><ruby>明日<rt>あした</rt></ruby>は<ruby>雨<rt>あめ</rt></ruby>が<ruby>降<rt>ふ</rt></ruby>るらしい。,ok,
n1-adverbs,いくら,0,<span class='ex-highlight'>いくら</span><ruby>考<rt>かんが</rt></ruby>えても<ruby>分<rt>わ</rt></ruby>からない。,いくら考えても分からない。,<span class='ex-highlight'>いくら</span><ruby>考<rt>かんが</rt></ruby>えても<ruby>分<rt>わ</rt></ruby>からない。,ok,
n1-adverbs,たとえ,0,<span class='ex-highlight'>たとえ</span><ruby>反<rt>はん</rt></ruby><ruby>対<rt>たい</rt></ruby>されても、<ruby>私<rt>わたし</rt></ruby>は<ruby>行<rt>い</rt></ruby>く。,たとえ反対されても、私は行く。,<span class='ex-highlight'>たとえ</span><ruby>反<rt>はん</rt></ruby><ruby>対<rt>たい</rt></ruby>されても、<ruby>私<rt>わたし</rt></ruby>は<ruby>行<rt>い</rt></ruby>く。,ok,
n1-adverbs,万一,0,<span class='ex-highlight'><ruby>万一<rt>まんいち</rt></ruby></span>の<ruby>時<rt>とき</rt></ruby>は、すぐに<ruby>連<rt>れん</rt></ruby><ruby>絡<rt>らく</rt></ruby>してください。,万一の時は、すぐに連絡してください。,<span class='ex-highlight'><ruby>万一<rt>まんいち</rt></ruby></span>の<ruby>時<rt>とき</rt></ruby>は、すぐに<ruby>連<rt>れん</rt></ruby><ruby>絡<rt>らく</rt></ruby>してください。,ok,
n1-adverbs,仮に,0,<span class='ex-highlight'><ruby>仮<rt>かり</rt></ruby>に</span>それが<ruby>本<rt>ほん</rt></ruby><ruby>当<rt>とう</rt></ruby>だとしたら、<ruby>大<rt>たい</rt></ruby><ruby>変<rt>へん</rt></ruby>なことだ。,仮にそれが本当だとしたら、大変なことだ。,<span class='ex-highlight'><ruby>仮<rt>かり</rt></ruby>に</span>それが<ruby>本<rt>ほん</rt></ruby><ruby>当<rt>とう</rt></ruby>だとしたら、<ruby>大<rt>たい</rt></ruby><ruby>変<rt>へん</rt></ruby>なことだ。,ok,
n1-adverbs,強いて,0,<span class='ex-highlight'><ruby>強<rt>し</rt></ruby>いて</span><ruby>言<rt>い</rt></ruby>えば、こちらのほうが<ruby>好<rt>す</rt></ruby>きだ。,強いて言えば、こちらのほうが好きだ。,<span class='ex-highlight'><ruby>強<rt>し</rt></ruby>いて</span><ruby>言<rt>い</rt></ruby>えば、こちらのほうが<ruby>好<rt>す</rt></ruby>きだ。,ok,
n1-adverbs,一体,0,<span class='ex-highlight'><ruby>一<rt>いっ</rt></ruby><ruby>体<rt>たい</rt></ruby></span>どこへ<ruby>行<rt>い</rt></ruby>ったのだろう。,一体どこへ行ったのだろう。,<span class='ex-highlight'><ruby>一<rt>いっ</rt></ruby><ruby>体<rt>たい</rt></ruby></span>どこへ<ruby>行<rt>い</rt></ruby>ったのだろう。,ok,
n1-adverbs,果たして,0,<span class='ex-highlight'><ruby>果<rt>は</rt></ruby>たして</span>その<ruby>噂<rt>うわさ</rt></ruby>は<ruby>本<rt>ほん</rt></ruby><ruby>当<rt>とう</rt></ruby>だろうか。,果たしてその噂は本当だろうか。,<span class='ex-highlight'><ruby>果<rt>は</rt></ruby>たして</span>その<ruby>噂<rt>うわさ</rt></ruby>は<ruby>本<rt>ほん</rt></ruby><ruby>当<rt>とう</rt></ruby>だろうか。,ok,
n1-adverbs,いっそ,0,こんなに<ruby>苦<rt>くる</rt></ruby>しいなら、<span class='ex-highlight'>いっそ</span><ruby>諦<rt>あきら</rt></ruby>めよう。,こんなに苦しいなら、いっそ諦めよう。,こんなに<ruby>苦<rt>くる</rt></ruby>しいなら、<span class='ex-highlight'>いっそ</span><ruby>諦<rt>あきら</rt></ruby>めよう。,ok,
n1-adverbs,あえて,0,<ruby>嫌<rt>きら</rt></ruby>われるのを<ruby>覚<rt>かく</rt></ruby><ruby>悟<rt>ご</rt></ruby>で、<span class='ex-highlight'>あえて</span><ruby>厳<rt>きび</rt></ruby>しい<ruby>意見<rt>いけん</rt></ruby>を<ruby>言<rt>い</rt></ruby>う。,嫌われるのを覚悟で、あえて厳しい意見を言う。,<ruby>嫌<rt>きら</rt></ruby>われるのを<ruby>覚<rt>かく</rt></ruby><ruby>悟<rt>ご</rt></ruby>で、<span class='ex-highlight'>あえて</span><ruby>厳<rt>きび</rt></ruby>しい<ruby>意見<rt>いけん</rt></ruby>を<ruby>言<rt>い</rt></ruby>う。,ok,
n1-adverbs,何とぞ,0,<span class='ex-highlight'><ruby>何<rt>なに</rt></ruby>とぞ</span>よろしく願い<ruby>申<rt>もう</rt></ruby>し<ruby>上<rt>あ</rt></ruby>げます。,何とぞよろしく願い申し上げます。,<span class='ex-highlight'><ruby>何<rt>なに</rt></ruby>とぞ</span>よろしくお<ruby>願<rt>ねが</rt></ruby>い<ruby>申<rt>もう</rt></ruby>し<ruby>上<rt>あ</rt></ruby>げます。,ok,
n1-adverbs,かろうじて,0,<ruby>最<rt>さい</rt></ruby><ruby>終<rt>しゅう</rt></ruby><ruby>電<rt>でん</rt></ruby><ruby>車<rt>しゃ</rt></ruby>に<span class='ex-highlight'>かろうじて</span><ruby>間<rt>ま</rt></ruby>に<ruby>合<rt>あ</rt></ruby>った。,最終電車にかろうじて間に合った。,<ruby>最<rt>さい</rt></ruby><ruby>終<rt>しゅう</rt></ruby><ruby>電<rt>でん</rt></ruby><ruby>車<rt>しゃ</rt></ruby>に<span class='ex-highlight'>かろうじて</span><ruby>間<rt>ま</rt></ruby>に<ruby>合<rt>あ</rt></ruby>った。,ok,
n1-adverbs,危うく,0,<span class='ex-highlight'><ruby>危<rt>あや</rt></ruby>うく</span><ruby>車<rt>くるま</rt></ruby>にひかれるところだった。,危うく車にひかれるところだった。,<span class='ex-highlight'><ruby>危<rt>あや</rt></ruby>うく</span><ruby>車<rt>くるま</rt></ruby>にひかれるところだった。,ok,
n1-adverbs,案の定,0,<ruby>空<rt>そら</rt></ruby>が<ruby>暗<rt>くら</rt></ruby>くなり、<span class='ex-highlight'><ruby>案<rt>あん</rt></ruby>定</span><ruby>雨<rt>あめ</rt></ruby>が<ruby>降<rt>ふ</rt></ruby>ってきた。,空が暗くなり、案定雨が降ってきた。,<ruby>空<rt>そら</rt></ruby>が<ruby>暗<rt>くら</rt></ruby>くなり、<span class='ex-highlight'><ruby>案<rt>あん</rt></ruby>の<ruby>定<rt>じょう</rt></ruby></span><ruby>雨<rt>あめ</rt></ruby>が<ruby>降<rt>ふ</rt></ruby>ってきた。,ok,
n1-loanwords,アクシデント,0,<ruby>予<rt>よ</rt></ruby><ruby>期<rt>き</rt></ruby>せぬ<span class='ex-highlight'>アクシデント</span>が<ruby>起<rt>お</rt></ruby>きた。,予期せぬアクシデントが起きた。,<ruby>予<rt>よ</rt></ruby><ruby>期<rt>き</rt></ruby>せぬ<span class='ex-highlight'>アクシデント</span>が<ruby>起<rt>お</rt></ruby>きた。,ok,
n1-loanwords,アドバイス,0,<ruby>先<rt>せん</rt></ruby><ruby>生<rt>せい</rt></ruby>から<ruby>適<rt>てき</rt></ruby><ruby>切<rt>せつ</rt></ruby>な<span class='ex-highlight'>アドバイス</span>をもらう。,先生から適切なアドバイスをもらう。,<ruby>先<rt>せん</rt></ruby><ruby>生<rt>せい</rt></ruby>から<ruby>適<rt>てき</rt></ruby><ruby>切<rt>せつ</rt></ruby>な<span class='ex-highlight'>アドバイス</span>をもらう。,ok,
n1-loanwords,ブランク,0,5<ruby>年<rt>ねん</rt></ruby>の<span class='ex-highlight'>ブランク</span>を<ruby>経<rt>へ</rt></ruby>て<ruby>仕<rt>し</rt></ruby><ruby>事<rt>ごと</rt></ruby>に<ruby>復<rt>ふっ</rt></ruby><ruby>帰<rt>き</rt></ruby>する。,5年のブランクを経て仕事に復帰する。,5<ruby>年<rt>ねん</rt></ruby>の<span class='ex-highlight'>ブランク</span>を<ruby>経<rt>へ</rt></ruby>て<ruby>仕<rt>し</rt></ruby><ruby>事<rt>ごと</rt></ruby>に<ruby>復<rt>ふっ</rt></ruby><ruby>帰<rt>き</rt></ruby>する。,ok,
n1-loanwords,ブランク,1,<ruby>用<rt>よう</rt></ruby><ruby>紙<rt>し</rt></ruby>の<span class='ex-highlight'>ブランク</span>に<ruby>記<rt>き</rt></ruby><ruby>入<rt>にゅう</rt></ruby>する。,用紙のブランクに記入する。,<ruby>用<rt>よう</rt></ruby><ruby>紙<rt>し</rt></ruby>の<span class='ex-highlight'>ブランク</span>に<ruby>記<rt>き</rt></ruby><ruby>入<rt>にゅう</rt></ruby>する。,ok,
n1-loanwords,ブーム,0,<ruby>若<rt>わか</rt></ruby><ruby>者<rt>もの</rt></ruby>の<ruby>間<rt>あいだ</rt></ruby>でタピオカ<span class='ex-highlight'>ブーム</span>が<ruby>起<rt>お</rt></ruby>きている。,若者の間でタピオカブームが起きている。,<ruby>若<rt>わか</rt></ruby><ruby>者<rt>もの</rt></ruby>の<ruby>間<rt>あいだ</rt></ruby>でタピオカ<span class='ex-highlight'>ブーム</span>が<ruby>起<rt>お</rt></ruby>きている。,ok,
n1-loanwords,ブロック,0,<ruby>相<rt>あい</rt></ruby><ruby>手<rt>て</rt></ruby>の<ruby>攻<rt>こう</rt></ruby><ruby>撃<rt>げき</rt></ruby>を<span class='ex-highlight'>ブロック</span>する。,相手の攻撃をブロックする。,<ruby>相<rt>あい</rt></ruby><ruby>手<rt>て</rt></ruby>の<ruby>攻<rt>こう</rt></ruby><ruby>撃<rt>げき</rt></ruby>を<span class='ex-highlight'>ブロック</span>する。,ok,
n1-loanwords,ブロック,1,<span class='ex-highlight'>ブロック</span>でおもちゃの<ruby>家<rt>いえ</rt></ruby>を<ruby>作<rt>つく</rt></ruby>る。,ブロックでおもちゃの家を作る。,<span class='ex-highlight'>ブロック</span>でおもちゃの<ruby>家<rt>いえ</rt></ruby>を<ruby>作<rt>つく</rt></ruby>る。,ok,
n1-loanwords,ピント,0,カメラの<span class='ex-highlight'>ピント</span>を<ruby>合<rt>あ</rt></ruby>わせる。,カメラのピントを合わせる。,カメラの<span class='ex-highlight'>ピント</span>を<ruby>合<rt>あ</rt></ruby>わせる。,ok,
n1-loanwords,ピント,1,<ruby>彼<rt>かれ</rt></ruby>の<ruby>話<rt>はなし</rt></ruby>は<span class='ex-highlight'>ピント</span>がずれている。,彼の話はピントがずれている。,<ruby>彼<rt>かれ</rt></ruby>の<ruby>話<rt>はなし</rt></ruby>は<span class='ex-highlight'>ピント</span>がずれている。,ok,
n1-loanwords,クリア,0,テレビの<ruby>画<rt>が</rt></ruby><ruby>像<rt>ぞう</rt></ruby>がとても<span class='ex-highlight'>クリア</span>だ。,テレビの画像がとてもクリアだ。,テレビの<ruby>画<rt>が</rt></ruby><ruby>像<rt>ぞう</rt></ruby>がとても<span class='ex-highlight'>クリア</span>だ。,ok,
n1-loanwords,クリア,1,<ruby>難<rt>むずか</rt></ruby>しい<ruby>条<rt>じょう</rt></ruby><ruby>件<rt>けん</rt></ruby>を<span class='ex-highlight'>クリア</span>する。,難しい条件をクリアする。,<ruby>難<rt>むずか</rt></ruby>しい<ruby>条<rt>じょう</rt></ruby><ruby>件<rt>けん</rt></ruby>を<span class='ex-highlight'>クリア</span>する。,ok,
n1-loanwords,キャリア,0,<ruby>彼<rt>かの</rt></ruby><ruby>女<rt>じょ</rt></ruby>はエンジニアとしての<span class='ex-highlight'>キャリア</span>が<ruby>長<rt>なが</rt></ruby>い。,彼女はエンジニアとしてのキャリアが長い。,<ruby>彼<rt>かの</rt></ruby><ruby>女<rt>じょ</rt></ruby>はエンジニアとしての<span class='ex-highlight'>キャリア</span>が<ruby>長<rt>なが</rt></ruby>い。,ok,
n1-loanwords,キャラクター,0,<ruby>彼<rt>かれ</rt></ruby>は<ruby>明<rt>あか</rt></ruby>るい<span class='ex-highlight'>キャラクター</span>で<ruby>好<rt>す</rt></ruby>かれている。,彼は明るいキャラクターで好かれている。,<ruby>彼<rt>かれ</rt></ruby>は<ruby>明<rt>あか</rt></ruby>るい<span class='ex-highlight'>キャラクター</span>で<ruby>好<rt>す</rt></ruby>かれている。,ok,
n1-loanwords,キャラクター,1,アニメの<span class='ex-highlight'>キャラクター</span>グッズを<ruby>買<rt>か</rt></ruby>う。,アニメのキャラクターグッズを買う。,アニメの<span class='ex-highlight'>キャラクター</span>グッズを<ruby>買<rt>か</rt></ruby>う。,ok,
n1-loanwords,チャージ,0,<ruby>交<rt>こう</rt></ruby><ruby>通<rt>つう</rt></ruby>カードに1000<ruby>円<rt>えん</rt></ruby>を<span class='ex-highlight'>チャージ</span>する。,交通カードに1000円をチャージする。,<ruby>交<rt>こう</rt></ruby><ruby>通<rt>つう</rt></ruby>カードに1000<ruby>円<rt>えん</rt></ruby>を<span class='ex-highlight'>チャージ</span>する。,ok,
n1-loanwords,チャージ,1,<ruby>休<rt>きゅう</rt></ruby><ruby>日<rt>じつ</rt></ruby>にエネルギーを<span class='ex-highlight'>チャージ</span>する。,休日にエネルギーをチャージする。,<ruby>休<rt>きゅう</rt></ruby><ruby>日<rt>じつ</rt></ruby>にエネルギーを<span class='ex-highlight'>チャージ</span>する。,ok,
n1-loanwords,チーフ,0,<ruby>彼<rt>かれ</rt></ruby>はプロジェクトの<span class='ex-highlight'>チーフ</span>を<ruby>務<rt>つと</rt></ruby>めている。,彼はプロジェクトのチーフを務めている。,<ruby>彼<rt>かれ</rt></ruby>はプロジェクトの<span class='ex-highlight'>チーフ</span>を<ruby>務<rt>つと</rt></ruby>めている。,ok,
n1-loanwords,クレーム,0,<ruby>客<rt>きゃく</rt></ruby>から<ruby>商<rt>しょう</rt></ruby><ruby>品<rt>ひん</rt></ruby>の<ruby>不<rt>ふ</rt></ruby><ruby>良<rt>りょう</rt></ruby>で<span class='ex-highlight'>クレーム</span>がきた。,客から商品の不良でクレームがきた。,<ruby>客<rt>きゃく</rt></ruby>から<ruby>商<rt>しょう</rt></ruby><ruby>品<rt>ひん</rt></ruby>の<ruby>不<rt>ふ</rt></ruby><ruby>良<rt>りょう</rt></ruby>で<span class='ex-highlight'>クレーム</span>がきた。,ok,
n1-loanwords,コミュニケーション,0,<ruby>職<rt>しょく</rt></ruby><ruby>場<rt>ば</rt></ruby>の<span class='ex-highlight'>コミュニケーション</span>を<ruby>大<rt>たい</rt></ruby><ruby>切<rt>せつ</rt></ruby>にする。,職場のコミュニケーションを大切にする。,<ruby>職<rt>しょく</rt></ruby><ruby>場<rt>ば</rt></ruby>の<span class='ex-highlight'>コミュニケーション</span>を<ruby>大<rt>たい</rt></ruby><ruby>切<rt>せつ</rt></ruby>にする。,ok,
n1-loanwords,コンパクト,0,<ruby>持<rt>も</rt></ruby>ち<ruby>運<rt>はこ</rt></ruby>びに<ruby>便<rt>べん</rt></ruby><ruby>利<rt>り</rt></ruby>な<span class='ex-highlight'>コンパクト</span>なカメラを<ruby>買<rt>か</rt></ruby>う。,持ち運びに便利なコンパクトなカメラを買う。,<ruby>持<rt>も</rt></ruby>ち<ruby>運<rt>はこ</rt></ruby>びに<ruby>便<rt>べん</rt></ruby><ruby>利<rt>り</rt></ruby>な<span class='ex-highlight'>コンパクト</span>なカメラを<ruby>買<rt>か</rt></ruby>う。,ok,
n1-loanwords,コンスタント,0,<ruby>彼<rt>かれ</rt></ruby>は<span class='ex-highlight'>コンスタント</span>に<ruby>良<rt>よ</rt></ruby>い<ruby>成<rt>せい</rt></ruby><ruby>績<rt>せき</rt></ruby>を<ruby>出<rt>だ</rt></ruby>している。,彼はコンスタントに良い成績を出している。,<ruby>彼<rt>かれ</rt></ruby>は<span class='ex-highlight'>コンスタント</span>に<ruby>良<rt>よ</rt></ruby>い<ruby>成<rt>せい</rt></ruby><ruby>績<rt>せき</rt></ruby>を<ruby>出<rt>だ</rt></ruby>している。,ok,
n1-loanwords,コントラスト,0,<ruby>白<rt>しろ</rt></ruby>と<ruby>黒<rt>くろ</rt></ruby>の<span class='ex-highlight'>コントラスト</span>が<ruby>美<rt>うつく</rt></ruby>しい。,白と黒のコントラストが美しい。,<ruby>白<rt>しろ</rt></ruby>と<ruby>黒<rt>くろ</rt></ruby>の<span class='ex-highlight'>コントラスト</span>が<ruby>美<rt>うつく</rt></ruby>しい。,ok,
n1-loanwords,コントロール,0,<ruby>自<rt>じ</rt></ruby><ruby>分<rt>ぶん</rt></ruby>の<ruby>感<rt>かん</rt></ruby><ruby>情<rt>じょう</rt></ruby>をうまく<span class='ex-highlight'>コントロール</span>する。,自分の感情をうまくコントロールする。,<ruby>自<rt>じ</rt></ruby><ruby>分<rt>ぶん</rt></ruby>の<ruby>感<rt>かん</rt></ruby><ruby>情<rt>じょう</rt></ruby>をうまく<span class='ex-highlight'>コントロール</span>する。,ok,
n1-loanwords,クール,0,<ruby>彼<rt>かれ</rt></ruby>はいつも<span class='ex-highlight'>クール</span>な<ruby>態<rt>たい</rt></ruby><ruby>度<rt>ど</rt></ruby>をとっている。,彼はいつもクールな態度をとっている。,<ruby>彼<rt>かれ</rt></ruby>はいつも<span class='ex-highlight'>クール</span>な<ruby>態<rt>たい</rt></ruby><ruby>度<rt>ど</rt></ruby>をとっている。,ok,
n1-loanwords,クール,1,そのデザインはとても<span class='ex-highlight'>クール</span>だ。,そのデザインはとてもクールだ。,そのデザインはとても<span class='ex-highlight'>クール</span>だ。,ok,
n1-loanwords,コスト,0,<ruby>企<rt>き</rt></ruby><ruby>業<rt>ぎょう</rt></ruby>の<ruby>生<rt>せい</rt></ruby><ruby>産<rt>さん</rt></ruby><span class='ex-highlight'>コスト</span>を<ruby>削<rt>さく</rt></ruby><ruby>減<rt>げん</rt></ruby>する。,企業の生産コストを削減する。,<ruby>企<rt>き</rt></ruby><ruby>業<rt>ぎょう</rt></ruby>の<ruby>生<rt>せい</rt></ruby><ruby>産<rt>さん</rt></ruby><span class='ex-highlight'>コスト</span>を<ruby>削<rt>さく</rt></ruby><ruby>減<rt>げん</rt></ruby>する。,ok,
n1-loanwords,サイクル,0,<ruby>自<rt>し</rt></ruby><ruby>然<rt>ぜん</rt></ruby>の<span class='ex-highlight'>サイクル</span>を<ruby>守<rt>まも</rt></ruby>る。,自然のサイクルを守る。,<ruby>自<rt>し</rt></ruby><ruby>然<rt>ぜん</rt></ruby>の<span class='ex-highlight'>サイクル</span>を<ruby>守<rt>まも</rt></ruby>る。,ok,
n1-loanwords,ダメージ,0,<ruby>肌<rt>はだ</rt></ruby>に<span class='ex-highlight'>ダメージ</span>を<ruby>与<rt>あた</rt></ruby>える。,肌にダメージを与える。,<ruby>肌<rt>はだ</rt></ruby>に<span class='ex-highlight'>ダメージ</span>を<ruby>与<rt>あた</rt></ruby>える。,ok,
n1-loanwords,データベース,0,<ruby>顧<rt>こ</rt></ruby><ruby>客<rt>きゃく</rt></ruby>の<span class='ex-highlight'>データベース</span>を<ruby>構<rt>こう</rt></ruby><ruby>築<rt>ちく</rt></ruby>する。,顧客のデータベースを構築する。,<ruby>顧<rt>こ</rt></ruby><ruby>客<rt>きゃく</rt></ruby>の<span class='ex-highlight'>データベース</span>を<ruby>構<rt>こう</rt></ruby><ruby>築<rt>ちく</rt></ruby>する。,ok,
n1-loanwords,デマ,0,ネット<ruby>上<rt>じょう</rt></ruby>の<span class='ex-highlight'>デマ</span>を<ruby>信<rt>しん</rt></ruby>じるな。,ネット上のデマを信じるな。,ネット<ruby>上<rt>じょう</rt></ruby>の<span class='ex-highlight'>デマ</span>を<ruby>信<rt>しん</rt></ruby>じるな。,ok,
n1-loanwords,ダウン,0,<ruby>業<rt>ぎょう</rt></ruby><ruby>績<rt>せき</rt></ruby>が<span class='ex-highlight'>ダウン</span>する。,業績がダウンする。,<ruby>業<rt>ぎょう</rt></ruby><ruby>績<rt>せき</rt></ruby>が<span class='ex-highlight'>ダウン</span>する。,ok,
n1-loanwords,ダウン,1,<ruby>過<rt>か</rt></ruby><ruby>労<rt>ろう</rt></ruby>で<span class='ex-highlight'>ダウン</span>する。,過労でダウンする。,<ruby>過<rt>か</rt></ruby><ruby>労<rt>ろう</rt></ruby>で<span class='ex-highlight'>ダウン</span>する。,ok,
n1-loanwords,エラー,0,システムに<span class='ex-highlight'>エラー</span>が<ruby>発<rt>はっ</rt></ruby><ruby>生<rt>せい</rt></ruby>した。,システムにエラーが発生した。,システムに<span class='ex-highlight'>エラー</span>が<ruby>発<rt>はっ</rt></ruby><ruby>生<rt>せい</rt></ruby>した。,ok,
n1-loanwords,エキスパート,0,<ruby>彼<rt>かれ</rt></ruby>はIT<ruby>分<rt>ぶん</rt></ruby><ruby>野<rt>や</rt></ruby>の<span class='ex-highlight'>エキスパート</span>だ。,彼はIT分野のエキスパートだ。,<ruby>彼<rt>かれ</rt></ruby>はIT<ruby>分<rt>ぶん</rt></ruby><ruby>野<rt>や</rt></ruby>の<span class='ex-highlight'>エキスパート</span>だ。,ok,
n1-loanwords,ハードル,0,<ruby>初<rt>しょ</rt></ruby><ruby>心<rt>しん</rt></ruby><ruby>者<rt>しゃ</rt></ruby>にこの<ruby>本<rt>ほん</rt></ruby>は<span class='ex-highlight'>ハードル</span>が<ruby>高<rt>たか</rt></ruby>い。,初心者にこの本はハードルが高い。,<ruby>初<rt>しょ</rt></ruby><ruby>心<rt>しん</rt></ruby><ruby>者<rt>しゃ</rt></ruby>にこの<ruby>本<rt>ほん</rt></ruby>は<span class='ex-highlight'>ハードル</span>が<ruby>高<rt>たか</rt></ruby>い。,ok,
n1-loanwords,イメージ,0,<ruby>企<rt>き</rt></ruby><ruby>業<rt>ぎょう</rt></ruby>の<span class='ex-highlight'>イメージ</span>が<ruby>上<rt>あ</rt></ruby>がる。,企業のイメージが上がる。,<ruby>企<rt>き</rt></ruby><ruby>業<rt>ぎょう</rt></ruby>の<span class='ex-highlight'>イメージ</span>が<ruby>上<rt>あ</rt></ruby>がる。,ok,
n1-loanwords,イメージ,1,<ruby>成<rt>せい</rt></ruby><ruby>功<rt>こう</rt></ruby>した<ruby>自<rt>じ</rt></ruby><ruby>分<rt>ぶん</rt></ruby>を<span class='ex-highlight'>イメージ</span>する。,成功した自分をイメージする。,<ruby>成<rt>せい</rt></ruby><ruby>功<rt>こう</rt></ruby>した<ruby>自<rt>じ</rt></ruby><ruby>分<rt>ぶん</rt></ruby>を<span class='ex-highlight'>イメージ</span>する。,ok,
n1-loanwords,インタビュー,0,<ruby>有<rt>ゆう</rt></ruby><ruby>名<rt>めい</rt></ruby>な<ruby>俳<rt>はい</rt></ruby><ruby>優<rt>ゆう</rt></ruby>に<span class='ex-highlight'>インタビュー</span>する。,有名な俳優にインタビューする。,<ruby>有<rt>ゆう</rt></ruby><ruby>名<rt>めい</rt></ruby>な<ruby>俳<rt>はい</rt></ruby><ruby>優<rt>ゆう</rt></ruby>に<span class='ex-highlight'>インタビュー</span>する。,ok,
n1-loanwords,インスピレーション,0,<ruby>旅<rt>りょ</rt></ruby><ruby>行<rt>こう</rt></ruby><ruby>先<rt>さき</rt></ruby>で<span class='ex-highlight'>インスピレーション</span>を<ruby>得<rt>え</rt></ruby>る。,旅行先でインスピレーションを得る。,<ruby>旅<rt>りょ</rt></ruby><ruby>行<rt>こう</rt></ruby><ruby>先<rt>さき</rt></ruby>で<span class='ex-highlight'>インスピレーション</span>を<ruby>得<rt>え</rt></ruby>る。,ok,
n1-loanwords,キープ,0,<ruby>現<rt>げん</rt></ruby><ruby>状<rt>じょう</rt></ruby>を<span class='ex-highlight'>キープ</span>する。,現状をキープする。,<ruby>現<rt>げん</rt></ruby><ruby>状<rt>じょう</rt></ruby>を<span class='ex-highlight'>キープ</span>する。,ok,
n1-loanwords,ノウハウ,0,<ruby>仕<rt>し</rt></ruby><ruby>事<rt>ごと</rt></ruby>の<span class='ex-highlight'>ノウハウ</span>を<ruby>学<rt>まな</rt></ruby>ぶ。,仕事のノウハウを学ぶ。,<ruby>仕<rt>し</rt></ruby><ruby>事<rt>ごと</rt></ruby>の<span class='ex-highlight'>ノウハウ</span>を<ruby>学<rt>まな</rt></ruby>ぶ。,ok,
n1-loanwords,レイアウト,0,<ruby>部<rt>へ</rt></ruby><ruby>屋<rt>や</rt></ruby>の<span class='ex-highlight'>レイアウト</span>を<ruby>変<rt>か</rt></ruby>える。,部屋のレイアウトを変える。,<ruby>部<rt>へ</rt></ruby><ruby>屋<rt>や</rt></ruby>の<span class='ex-highlight'>レイアウト</span>を<ruby>変<rt>か</rt></ruby>える。,ok,
n1-loanwords,レベル,0,<ruby>英<rt>えい</rt></ruby><ruby>語<rt>ご</rt></ruby>の<span class='ex-highlight'>レベル</span>を<ruby>上<rt>あ</rt></ruby>げる。,英語のレベルを上げる。,<ruby>英<rt>えい</rt></ruby><ruby>語<rt>ご</rt></ruby>の<span class='ex-highlight'>レベル</span>を<ruby>上<rt>あ</rt></ruby>げる。,ok,
n1-loanwords,レバー,0,<ruby>機<rt>き</rt></ruby><ruby>械<rt>かい</rt></ruby>の<span class='ex-highlight'>レバー</span>を<ruby>引<rt>ひ</rt></ruby>く。,機械のレバーを引く。,<ruby>機<rt>き</rt></ruby><ruby>械<rt>かい</rt></ruby>の<span class='ex-highlight'>レバー</span>を<ruby>引<rt>ひ</rt></ruby>く。,ok,
n1-loanwords,レバー,1,<ruby>鉄<rt>てつ</rt></ruby><ruby>分<rt>ぶん</rt></ruby>を<ruby>補<rt>おぎな</rt></ruby>うために<span class='ex-highlight'>レバー</span>を<ruby>食<rt>た</rt></ruby>べる。,鉄分を補うためにレバーを食べる。,<ruby>鉄<rt>てつ</rt></ruby><ruby>分<rt>ぶん</rt></ruby>を<ruby>補<rt>おぎな</rt></ruby>うために<span class='ex-highlight'>レバー</span>を<ruby>食<rt>た</rt></ruby>べる。,ok,
n1-loanwords,ライフワーク,0,<ruby>彼<rt>かれ</rt></ruby>は<ruby>環<rt>かん</rt></ruby><ruby>境<rt>きょう</rt></ruby><ruby>保<rt>ほ</rt></ruby><ruby>護<rt>ご</rt></ruby>を<span class='ex-highlight'>ライフワーク</span>としている。,彼は環境保護をライフワークとしている。,<ruby>彼<rt>かれ</rt></ruby>は<ruby>環<rt>かん</rt></ruby><ruby>境<rt>きょう</rt></ruby><ruby>保<rt>ほ</rt></ruby><ruby>護<rt>ご</rt></ruby>を<span class='ex-highlight'>ライフワーク</span>としている。,ok,
n1-loanwords,リミット,0,<ruby>時<rt>じ</rt></ruby><ruby>間<rt>かん</rt></ruby>の<span class='ex-highlight'>リミット</span>が<ruby>近<rt>ちか</rt></ruby>づく。,時間のリミットが近づく。,<ruby>時<rt>じ</rt></ruby><ruby>間<rt>かん</rt></ruby>の<span class='ex-highlight'>リミット</span>が<ruby>近<rt>ちか</rt></ruby>づく。,ok,
n1-loanwords,ロック,0,ドアを<span class='ex-highlight'>ロック</span>する。,ドアをロックする。,ドアを<span class='ex-highlight'>ロック</span>する。,ok,
n1-loanwords,ロック,1,<ruby>彼<rt>かれ</rt></ruby>は<span class='ex-highlight'>ロック</span>を<ruby>聴<rt>き</rt></ruby>くのが<ruby>好<rt>す</rt></ruby>きだ。,彼はロックを聴くのが好きだ。,<ruby>彼<rt>かれ</rt></ruby>は<span class='ex-highlight'>ロック</span>を<ruby>聴<rt>き</rt></ruby>くのが<ruby>好<rt>す</rt></ruby>きだ。,ok,
n1-loanwords,ルックス,0,<ruby>彼<rt>かれ</rt></ruby>は<span class='ex-highlight'>ルックス</span>が<ruby>良<rt>よ</rt></ruby>いので<ruby>人<rt>にん</rt></ruby><ruby>気<rt>き</rt></ruby>がある。,彼はルックスが良いので人気がある。,<ruby>彼<rt>かれ</rt></ruby>は<span class='ex-highlight'>ルックス</span>が<ruby>良<rt>よ</rt></ruby>いので<ruby>人<rt>にん</rt></ruby><ruby>気<rt>き</rt></ruby>がある。,ok,
n1-loanwords,ルーズ,0,<ruby>彼<rt>かれ</rt></ruby>は<ruby>時<rt>じ</rt></ruby><ruby>間<rt>かん</rt></ruby>に<span class='ex-highlight'>ルーズ</span>な<ruby>人<rt>ひと</rt></ruby>だ。,彼は時間にルーズな人だ。,<ruby>彼<rt>かれ</rt></ruby>は<ruby>時<rt>じ</rt></ruby><ruby>間<rt>かん</rt></ruby>に<span class='ex-highlight'>ルーズ</span>な<ruby>人<rt>ひと</rt></ruby>だ。,ok,
n1-loanwords,メイン,0,<span class='ex-highlight'>メイン</span>の<ruby>通<rt>とお</rt></ruby>りを<ruby>歩<rt>ある</rt></ruby>く。,メインの通りを歩く。,<span class='ex-highlight'>メイン</span>の<ruby>通<rt>とお</rt></ruby>りを<ruby>歩<rt>ある</rt></ruby>く。,ok,
n1-loanwords,メディア,0,マス<span class='ex-highlight'>メディア</span>の<ruby>影<rt>えい</rt></ruby><ruby>響<rt>きょう</rt></ruby><ruby>力<rt>りょく</rt></ruby>は<ruby>大<rt>おお</rt></ruby>きい。,マスメディアの影響力は大きい。,マス<span class='ex-highlight'>メディア</span>の<ruby>影<rt>えい</rt></ruby><ruby>響<rt>きょう</rt></ruby><ruby>力<rt>りょく</rt></ruby>は<ruby>大<rt>おお</rt></ruby>きい。,ok,
n1-loanwords,モダン,0,<span class='ex-highlight'>モダン</span>なデザインの<ruby>家<rt>か</rt></ruby><ruby>具<rt>ぐ</rt></ruby>を<ruby>買<rt>か</rt></ruby>う。,モダンなデザインの家具を買う。,<span class='ex-highlight'>モダン</span>なデザインの<ruby>家<rt>か</rt></ruby><ruby>具<rt>ぐ</rt></ruby>を<ruby>買<rt>か</rt></ruby>う。,ok,
n1-loanwords,モーター,0,<span class='ex-highlight'>モーター</span>で<ruby>動<rt>うご</rt></ruby>くおもちゃ。,モーターで動くおもちゃ。,<span class='ex-highlight'>モーター</span>で<ruby>動<rt>うご</rt></ruby>くおもちゃ。,ok,
n1-loanwords,ネック,0,<ruby>資<rt>し</rt></ruby><ruby>金<rt>きん</rt></ruby><ruby>不<rt>ぶ</rt></ruby><ruby>足<rt>そく</rt></ruby>が<ruby>計<rt>けい</rt></ruby><ruby>画<rt>かく</rt></ruby>の<span class='ex-highlight'>ネック</span>になっている。,資金不足が計画のネックになっている。,<ruby>資<rt>し</rt></ruby><ruby>金<rt>きん</rt></ruby><ruby>不<rt>ぶ</rt></ruby><ruby>足<rt>そく</rt></ruby>が<ruby>計<rt>けい</rt></ruby><ruby>画<rt>かく</rt></ruby>の<span class='ex-highlight'>ネック</span>になっている。,ok,
n1-loanwords,ノイズ,0,ラジオに<span class='ex-highlight'>ノイズ</span>が<ruby>入<rt>はい</rt></ruby>る。,ラジオにノイズが入る。,ラジオに<span class='ex-highlight'>ノイズ</span>が<ruby>入<rt>はい</rt></ruby>る。,ok,
n1-loanwords,ノルマ,0,<ruby>今月<rt>こんげつ</rt></ruby>の<ruby>営<rt>えい</rt></ruby><ruby>業<rt>ぎょう</rt></ruby><span class='ex-highlight'>ノルマ</span>を<ruby>達<rt>たっ</rt></ruby><ruby>成<rt>せい</rt></ruby>する。,今月の営業ノルマを達成する。,<ruby>今月<rt>こんげつ</rt></ruby>の<ruby>営<rt>えい</rt></ruby><ruby>業<rt>ぎょう</rt></ruby><span class='ex-highlight'>ノルマ</span>を<ruby>達<rt>たっ</rt></ruby><ruby>成<rt>せい</rt></ruby>する。,ok,
n1-loanwords,ニュアンス,0,<ruby>言葉<rt>ことば</rt></ruby>の<ruby>微<rt>び</rt></ruby><ruby>妙<rt>みょう</rt></ruby>な<span class='ex-highlight'>ニュアンス</span>を<ruby>伝<rt>つた</rt></ruby>える。,言葉の微妙なニュアンスを伝える。,<ruby>言葉<rt>ことば</rt></ruby>の<ruby>微<rt>び</rt></ruby><ruby>妙<rt>みょう</rt></ruby>な<span class='ex-highlight'>ニュアンス</span>を<ruby>伝<rt>つた</rt></ruby>える。,ok,
n1-loanwords,アウト,0,これ<ruby>以<rt>い</rt></ruby><ruby>上<rt>じょう</rt></ruby><ruby>遅<rt>ち</rt></ruby><ruby>刻<rt>こく</rt></ruby>したら<span class='ex-highlight'>アウト</span>だ。,これ以上遅刻したらアウトだ。,これ<ruby>以<rt>い</rt></ruby><ruby>上<rt>じょう</rt></ruby><ruby>遅<rt>ち</rt></ruby><ruby>刻<rt>こく</rt></ruby>したら<span class='ex-highlight'>アウト</span>だ。,ok,
n1-loanwords,アウトライン,0,<ruby>計<rt>けい</rt></ruby><ruby>画<rt>かく</rt></ruby>の<span class='ex-highlight'>アウトライン</span>を<ruby>説<rt>せつ</rt></ruby><ruby>明<rt>めい</rt></ruby>する。,計画のアウトラインを説明する。,<ruby>計<rt>けい</rt></ruby><ruby>画<rt>かく</rt></ruby>の<span class='ex-highlight'>アウトライン</span>を<ruby>説<rt>せつ</rt></ruby><ruby>明<rt>めい</rt></ruby>する。,ok,
n1-loanwords,ペース,0,<ruby>自<rt>じ</rt></ruby><ruby>分<rt>ぶん</rt></ruby>の<span class='ex-highlight'>ペース</span>で<ruby>仕<rt>し</rt></ruby><ruby>事<rt>ごと</rt></ruby>を<ruby>進<rt>すす</rt></ruby>める。,自分のペースで仕事を進める。,<ruby>自<rt>じ</rt></ruby><ruby>分<rt>ぶん</rt></ruby>の<span class='ex-highlight'>ペース</span>で<ruby>仕<rt>し</rt></ruby><ruby>事<rt>ごと</rt></ruby>を<ruby>進<rt>すす</rt></ruby>める。,ok,
n1-loanwords,ポーズ,0,<ruby>写<rt>しゃ</rt></ruby><ruby>真<rt>しん</rt></ruby>を<ruby>撮<rt>と</rt></ruby>るために<span class='ex-highlight'>ポーズ</span>をとる。,写真を撮るためにポーズをとる。,<ruby>写<rt>しゃ</rt></ruby><ruby>真<rt>しん</rt></ruby>を<ruby>撮<rt>と</rt></ruby>るために<span class='ex-highlight'>ポーズ</span>をとる。,ok,
n1-loanwords,ポーズ,1,<ruby>話<rt>はなし</rt></ruby>の<ruby>途<rt>と</rt></ruby><ruby>中<rt>ちゅう</rt></ruby>で<ruby>少<rt>すこ</rt></ruby>し<span class='ex-highlight'>ポーズ</span>を<ruby>置<rt>お</rt></ruby>く。,話の途中で少しポーズを置く。,<ruby>話<rt>はなし</rt></ruby>の<ruby>途<rt>と</rt></ruby><ruby>中<rt>ちゅう</rt></ruby>で<ruby>少<rt>すこ</rt></ruby>し<span class='ex-highlight'>ポーズ</span>を<ruby>置<rt>お</rt></ruby>く。,ok,
n1-loanwords,ピーチ,0,デザートに<span class='ex-highlight'>ピーチ</span>のケーキを<ruby>食<rt>た</rt></ruby>べる。,デザートにピーチのケーキを食べる。,デザートに<span class='ex-highlight'>ピーチ</span>のケーキを<ruby>食<rt>た</rt></ruby>べる。,ok,
n1-loanwords,ポジション,0,<ruby>彼<rt>かれ</rt></ruby>はチームで<ruby>重<rt>じゅう</rt></ruby><ruby>要<rt>よう</rt></ruby>な<span class='ex-highlight'>ポジション</span>にいる。,彼はチームで重要なポジションにいる。,<ruby>彼<rt>かれ</rt></ruby>はチームで<ruby>重<rt>じゅう</rt></ruby><ruby>要<rt>よう</rt></ruby>な<span class='ex-highlight'>ポジション</span>にいる。,ok,
n1-loanwords,パワー,0,<ruby>若<rt>わか</rt></ruby><ruby>者<rt>もの</rt></ruby>の<span class='ex-highlight'>パワー</span>に<ruby>圧<rt>あっ</rt></ruby><ruby>倒<rt>とう</rt></ruby>される。,若者のパワーに圧倒される。,<ruby>若<rt>わか</rt></ruby><ruby>者<rt>もの</rt></ruby>の<span class='ex-highlight'>パワー</span>に<ruby>圧<rt>あっ</rt></ruby><ruby>倒<rt>とう</rt></ruby>される。,ok,
n1-loanwords,プレゼン,0,<ruby>会<rt>かい</rt></ruby><ruby>議<rt>ぎ</rt></ruby>で<ruby>新<rt>しん</rt></ruby><ruby>製<rt>せい</rt></ruby><ruby>品<rt>ひん</rt></ruby>の<span class='ex-highlight'>プレゼン</span>を<ruby>行<rt>おこな</rt></ruby>う。,会議で新製品のプレゼンを行う。,<ruby>会<rt>かい</rt></ruby><ruby>議<rt>ぎ</rt></ruby>で<ruby>新<rt>しん</rt></ruby><ruby>製<rt>せい</rt></ruby><ruby>品<rt>ひん</rt></ruby>の<span class='ex-highlight'>プレゼン</span>を<ruby>行<rt>おこな</rt></ruby>う。,ok,
n1-loanwords,プレッシャー,0,<ruby>大<rt>おお</rt></ruby>きな<span class='ex-highlight'>プレッシャー</span>を<ruby>感<rt>かん</rt></ruby>じる。,大きなプレッシャーを感じる。,<ruby>大<rt>おお</rt></ruby>きな<span class='ex-highlight'>プレッシャー</span>を<ruby>感<rt>かん</rt></ruby>じる。,ok,
n1-loanwords,プライド,0,プロとしての<span class='ex-highlight'>プライド</span>を<ruby>持<rt>も</rt></ruby>つ。,プロとしてのプライドを持つ。,プロとしての<span class='ex-highlight'>プライド</span>を<ruby>持<rt>も</rt></ruby>つ。,ok,
n1-loanwords,プライバシー,0,<ruby>他<rt>た</rt></ruby><ruby>人<rt>にん</rt></ruby>の<span class='ex-highlight'>プライバシー</span>を<ruby>尊<rt>そん</rt></ruby><ruby>重<rt>ちょう</rt></ruby>する。,他人のプライバシーを尊重する。,<ruby>他<rt>た</rt></ruby><ruby>人<rt>にん</rt></ruby>の<span class='ex-highlight'>プライバシー</span>を<ruby>尊<rt>そん</rt></ruby><ruby>重<rt>ちょう</rt></ruby>する。,ok,
n1-loanwords,プライベート,0,<span class='ex-highlight'>プライベート</span>な<ruby>時<rt>じ</rt></ruby><ruby>間<rt>かん</rt></ruby>は<ruby>趣<rt>しゅ</rt></ruby><ruby>味<rt>み</rt></ruby>に<ruby>使<rt>つか</rt></ruby>う。,プライベートな時間は趣味に使う。,<span class='ex-highlight'>プライベート</span>な<ruby>時<rt>じ</rt></ruby><ruby>間<rt>かん</rt></ruby>は<ruby>趣<rt>しゅ</rt></ruby><ruby>味<rt>み</rt></ruby>に<ruby>使<rt>つか</rt></ruby>う。,ok,
n1-loanwords,レーダー,0,<span class='ex-highlight'>レーダー</span>で<ruby>敵<rt>てっ</rt></ruby><ruby>機<rt>き</rt></ruby>を<ruby>捉<rt>とら</rt></ruby>える。,レーダーで敵機を捉える。,<span class='ex-highlight'>レーダー</span>で<ruby>敵<rt>てっ</rt></ruby><ruby>機<rt>き</rt></ruby>を<ruby>捉<rt>とら</rt></ruby>える。,ok,
n1-loanwords,ランク,0,<ruby>上<rt>うえ</rt></ruby>の<span class='ex-highlight'>ランク</span>を<ruby>目<rt>め</rt></ruby><ruby>指<rt>ざ</rt></ruby>す。,上のランクを目指す。,<ruby>上<rt>うえ</rt></ruby>の<span class='ex-highlight'>ランク</span>を<ruby>目<rt>め</rt></ruby><ruby>指<rt>ざ</rt></ruby>す。,ok,
n1-loanwords,レート,0,<ruby>今日<rt>きょう</rt></ruby>の<ruby>為替<rt>かわせ</rt></ruby><span class='ex-highlight'>レート</span>を<ruby>確<rt>かく</rt></ruby><ruby>認<rt>にん</rt></ruby>する。,今日の為替レートを確認する。,<ruby>今日<rt>きょう</rt></ruby>の<ruby>為替<rt>かわせ</rt></ruby><span class='ex-highlight'>レート</span>を<ruby>確<rt>かく</rt></ruby><ruby>認<rt>にん</rt></ruby>する。,ok,
n1-loanwords,リタイア,0,けがでレースを<span class='ex-highlight'>リタイア</span>した。,けがでレースをリタイアした。,けがでレースを<span class='ex-highlight'>リタイア</span>した。,ok,
n1-loanwords,リズム,0,<ruby>音<rt>おん</rt></ruby><ruby>楽<rt>がく</rt></ruby>の<span class='ex-highlight'>リズム</span>に<ruby>乗<rt>の</rt></ruby>る。,音楽のリズムに乗る。,<ruby>音<rt>おん</rt></ruby><ruby>楽<rt>がく</rt></ruby>の<span class='ex-highlight'>リズム</span>に<ruby>乗<rt>の</rt></ruby>る。,ok,
n1-loanwords,リスク,0,<span class='ex-highlight'>リスク</span>を<ruby>承<rt>しょう</rt></ruby><ruby>知<rt>ち</rt></ruby>で<ruby>投<rt>とう</rt></ruby><ruby>資<rt>し</rt></ruby>する。,リスクを承知で投資する。,<span class='ex-highlight'>リスク</span>を<ruby>承<rt>しょう</rt></ruby><ruby>知<rt>ち</rt></ruby>で<ruby>投<rt>とう</rt></ruby><ruby>資<rt>し</rt></ruby>する。,ok,
n1-loanwords,スクリーン,0,<ruby>大<rt>おお</rt></ruby>きな<span class='ex-highlight'>スクリーン</span>で<ruby>映<rt>えい</rt></ruby><ruby>画<rt>が</rt></ruby>を<ruby>見<rt>み</rt></ruby>る。,大きなスクリーンで映画を見る。,<ruby>大<rt>おお</rt></ruby>きな<span class='ex-highlight'>スクリーン</span>で<ruby>映<rt>えい</rt></ruby><ruby>画<rt>が</rt></ruby>を<ruby>見<rt>み</rt></ruby>る。,ok,
n1-loanwords,センス,0,<ruby>彼<rt>かの</rt></ruby><ruby>女<rt>じょ</rt></ruby>は<ruby>服<rt>ふく</rt></ruby>の<span class='ex-highlight'>センス</span>が<ruby>良<rt>よ</rt></ruby>い。,彼女は服のセンスが良い。,<ruby>彼<rt>かの</rt></ruby><ruby>女<rt>じょ</rt></ruby>は<ruby>服<rt>ふく</rt></ruby>の<span class='ex-highlight'>センス</span>が<ruby>良<rt>よ</rt></ruby>い。,ok,
n1-loanwords,センサー,0,<ruby>防<rt>ぼう</rt></ruby><ruby>犯<rt>はん</rt></ruby><span class='ex-highlight'>センサー</span>が<ruby>反<rt>はん</rt></ruby><ruby>応<rt>のう</rt></ruby>した。,防犯センサーが反応した。,<ruby>防<rt>ぼう</rt></ruby><ruby>犯<rt>はん</rt></ruby><span class='ex-highlight'>センサー</span>が<ruby>反<rt>はん</rt></ruby><ruby>応<rt>のう</rt></ruby>した。,ok,
n1-loanwords,シビア,0,<ruby>彼<rt>かの</rt></ruby><ruby>女<rt>じょ</rt></ruby>は<ruby>仕<rt>し</rt></ruby><ruby>事<rt>ごと</rt></ruby>に<span class='ex-highlight'>シビア</span>だ。,彼女は仕事にシビアだ。,<ruby>彼<rt>かの</rt></ruby><ruby>女<rt>じょ</rt></ruby>は<ruby>仕<rt>し</rt></ruby><ruby>事<rt>ごと</rt></ruby>に<span class='ex-highlight'>シビア</span>だ。,ok,
n1-loanwords,スケール,0,<span class='ex-highlight'>スケール</span>の<ruby>大<rt>おお</rt></ruby>きい<ruby>計<rt>けい</rt></ruby><ruby>画<rt>かく</rt></ruby>。,スケールの大きい計画。,<span class='ex-highlight'>スケール</span>の<ruby>大<rt>おお</rt></ruby>きい<ruby>計<rt>けい</rt></ruby><ruby>画<rt>かく</rt></ruby>。,ok,
n1-loanwords,シェア,0,ルームメイトと<ruby>部<rt>へ</rt></ruby><ruby>屋<rt>や</rt></ruby>を<span class='ex-highlight'>シェア</span>する。,ルームメイトと部屋をシェアする。,ルームメイトと<ruby>部<rt>へ</rt></ruby><ruby>屋<rt>や</rt></ruby>を<span class='ex-highlight'>シェア</span>する。,ok,
n1-loanwords,シフト,0,<ruby>輸<rt>ゆ</rt></ruby><ruby>出<rt>しゅつ</rt></ruby>から<ruby>内<rt>ない</rt></ruby><ruby>需<rt>じゅ</rt></ruby>へ<span class='ex-highlight'>シフト</span>する。,輸出から内需へシフトする。,<ruby>輸<rt>ゆ</rt></ruby><ruby>出<rt>しゅつ</rt></ruby>から<ruby>内<rt>ない</rt></ruby><ruby>需<rt>じゅ</rt></ruby>へ<span class='ex-highlight'>シフト</span>する。,ok,
n1-loanwords,シンプル,0,<span class='ex-highlight'>シンプル</span>なデザインの<ruby>服<rt>ふく</rt></ruby>。,シンプルなデザインの服。,<span class='ex-highlight'>シンプル</span>なデザインの<ruby>服<rt>ふく</rt></ruby>。,ok,
n1-loanwords,スケッチ,0,<ruby>公<rt>こう</rt></ruby><ruby>園<rt>えん</rt></ruby>で<ruby>風<rt>ふう</rt></ruby><ruby>景<rt>けい</rt></ruby>を<span class='ex-highlight'>スケッチ</span>する。,公園で風景をスケッチする。,<ruby>公<rt>こう</rt></ruby><ruby>園<rt>えん</rt></ruby>で<ruby>風<rt>ふう</rt></ruby><ruby>景<rt>けい</rt></ruby>を<span class='ex-highlight'>スケッチ</span>する。,ok,
n1-loanwords,ステータス,0,<ruby>社<rt>しゃ</rt></ruby><ruby>会<rt>かい</rt></ruby><ruby>的<rt>てき</rt></ruby>な<span class='ex-highlight'>ステータス</span>を<ruby>得<rt>え</rt></ruby>る。,社会的なステータスを得る。,<ruby>社<rt>しゃ</rt></ruby><ruby>会<rt>かい</rt></ruby><ruby>的<rt>てき</rt></ruby>な<span class='ex-highlight'>ステータス</span>を<ruby>得<rt>え</rt></ruby>る。,ok,
n1-loanwords,ステップ,0,<ruby>次<rt>つぎ</rt></ruby>の<span class='ex-highlight'>ステップ</span>に<ruby>進<rt>すす</rt></ruby>む。,次のステップに進む。,<ruby>次<rt>つぎ</rt></ruby>の<span class='ex-highlight'>ステップ</span>に<ruby>進<rt>すす</rt></ruby>む。,ok,
n1-loanwords,ストック,0,<ruby>食<rt>しょく</rt></ruby><ruby>料<rt>りょう</rt></ruby>の<span class='ex-highlight'>ストック</span>がある。,食料のストックがある。,<ruby>食<rt>しょく</rt></ruby><ruby>料<rt>りょう</rt></ruby>の<span class='ex-highlight'>ストック</span>がある。,ok,
n1-loanwords,ストレート,0,<ruby>自<rt>じ</rt></ruby><ruby>分<rt>ぶん</rt></ruby>の<ruby>意見<rt>いけん</rt></ruby>を<span class='ex-highlight'>ストレート</span>に<ruby>言<rt>い</rt></ruby>う。,自分の意見をストレートに言う。,<ruby>自<rt>じ</rt></ruby><ruby>分<rt>ぶん</rt></ruby>の<ruby>意見<rt>いけん</rt></ruby>を<span class='ex-highlight'>ストレート</span>に<ruby>言<rt>い</rt></ruby>う。,ok,
n1-loanwords,ストレス,0,<span class='ex-highlight'>ストレス</span>がたまる。,ストレスがたまる。,<span class='ex-highlight'>ストレス</span>がたまる。,ok,
n1-loanwords,スタイル,0,<ruby>自<rt>じ</rt></ruby><ruby>分<rt>ぶん</rt></ruby>の<span class='ex-highlight'>スタイル</span>を<ruby>貫<rt>つらぬ</rt></ruby>く。,自分のスタイルを貫く。,<ruby>自<rt>じ</rt></ruby><ruby>分<rt>ぶん</rt></ruby>の<span class='ex-highlight'>スタイル</span>を<ruby>貫<rt>つらぬ</rt></ruby>く。,ok,
n1-loanwords,タブー,0,その<ruby>話<rt>わ</rt></ruby><ruby>題<rt>だい</rt></ruby>はここでは<span class='ex-highlight'>タブー</span>だ。,その話題はここではタブーだ。,その<ruby>話<rt>わ</rt></ruby><ruby>題<rt>だい</rt></ruby>はここでは<span class='ex-highlight'>タブー</span>だ。,ok,
n1-loanwords,テンポ,0,<span class='ex-highlight'>テンポ</span>よく<ruby>仕<rt>し</rt></ruby><ruby>事<rt>ごと</rt></ruby>を<ruby>進<rt>すす</rt></ruby>める。,テンポよく仕事を進める。,<span class='ex-highlight'>テンポ</span>よく<ruby>仕<rt>し</rt></ruby><ruby>事<rt>ごと</rt></ruby>を<ruby>進<rt>すす</rt></ruby>める。,ok,
n1-loanwords,タイミング,0,<span class='ex-highlight'>タイミング</span>よく<ruby>電<rt>でん</rt></ruby><ruby>車<rt>しゃ</rt></ruby>が<ruby>来<rt>き</rt></ruby>た。,タイミングよく電車が来た。,<span class='ex-highlight'>タイミング</span>よく<ruby>電<rt>でん</rt></ruby><ruby>車<rt>しゃ</rt></ruby>が<ruby>来<rt>き</rt></ruby>た。,ok,
n1-loanwords,トレーニング,0,<ruby>毎<rt>まい</rt></ruby><ruby>日<rt>にち</rt></ruby>ジムで<span class='ex-highlight'>トレーニング</span>をする。,毎日ジムでトレーニングをする。,<ruby>毎<rt>まい</rt></ruby><ruby>日<rt>にち</rt></ruby>ジムで<span class='ex-highlight'>トレーニング</span>をする。,ok,
n1-loanwords,トップ,0,クラスの<span class='ex-highlight'>トップ</span>になる。,クラスのトップになる。,クラスの<span class='ex-highlight'>トップ</span>になる。,ok,
n1-loanwords,ユニーク,0,<ruby>彼<rt>かれ</rt></ruby>は<span class='ex-highlight'>ユニーク</span>な<ruby>発<rt>はっ</rt></ruby><ruby>想<rt>そう</rt></ruby>を<ruby>持<rt>も</rt></ruby>っている。,彼はユニークな発想を持っている。,<ruby>彼<rt>かれ</rt></ruby>は<span class='ex-highlight'>ユニーク</span>な<ruby>発<rt>はっ</rt></ruby><ruby>想<rt>そう</rt></ruby>を<ruby>持<rt>も</rt></ruby>っている。,ok,
n1-loanwords,ユーザー,0,<span class='ex-highlight'>ユーザー</span>の<ruby>意見<rt>いけん</rt></ruby>を<ruby>聞<rt>き</rt></ruby>く。,ユーザーの意見を聞く。,<span class='ex-highlight'>ユーザー</span>の<ruby>意見<rt>いけん</rt></ruby>を<ruby>聞<rt>き</rt></ruby>く。,ok,
n1-loanwords,ベテラン,0,<ruby>彼<rt>かれ</rt></ruby>はこの<ruby>分<rt>ぶん</rt></ruby><ruby>野<rt>や</rt></ruby>の<span class='ex-highlight'>ベテラン</span>だ。,彼はこの分野のベテランだ。,<ruby>彼<rt>かれ</rt></ruby>はこの<ruby>分<rt>ぶん</rt></ruby><ruby>野<rt>や</rt></ruby>の<span class='ex-highlight'>ベテラン</span>だ。,ok,
n1-loanwords,ウエイト,0,<ruby>評<rt>ひょう</rt></ruby><ruby>価<rt>か</rt></ruby>は<ruby>面<rt>めん</rt></ruby><ruby>接<rt>せつ</rt></ruby>の<span class='ex-highlight'>ウエイト</span>が<ruby>高<rt>たか</rt></ruby>い。,評価は面接のウエイトが高い。,<ruby>評<rt>ひょう</rt></ruby><ruby>価<rt>か</rt></ruby>は<ruby>面<rt>めん</rt></ruby><ruby>接<rt>せつ</rt></ruby>の<span class='ex-highlight'>ウエイト</span>が<ruby>高<rt>たか</rt></ruby>い。,ok,
